Adult,Arts,Business,Computers,Games,Health,Home,Kids,Recreation,Reference,Science,Shopping,Society,Politics,language,Education
mature,portraiture,jurisdiction,calculator,play,disease,house,baby,rec,cross reference,scientific,plaza,societal,goverment,noam chomsky,teaching
person,pop,shareholder,machine,computer game,obesity,household,child,camp,mention,SF,shopper,civilization,diplomatic,sign languges,instruction
man,artless,public limited company,analog computer,tennis,who,dwelling,younster,swing,handbook,Sci-fi,mall,antisocial,law,mandarin languges,school
woman,artful,management,computing,baseball,medicine,abode,kidskin,boating,frame,logy,marketing,community,political science,ferdinand de saussure,curriculum
maturity,artistic,stock echange,personal computer,gamey,nutrition,apartment,tyke,union,touching,DSC,shopping mall,socially,dipomatical,syntax,learning
growup,calligraphy,assetmanufacturing,programmer,pitch,Well-being,homestead,toddler,recreation room,over,sci.,town,fellow,suave,morpheme,college
grown,perfumery,product,central processing unit,competition,exrcise,place,juvenile,kart,hint,forestry,cart,haunt monde,republic,sign,university
big,sculpture,company,computer science,party game,welfare,bathroom,infant,playtime,refrement,technology,trolley,social science,election,hindi,educational activity
beast,topiary,listing,peripheral,pinball,wellness,tent,babe,developer,obeisk,medicine,tote bag,friend,ocal goverment,africa,didactics
law,design,corporation,hardware,card game,health care,residence,fool,take,library,horology,shopping basket,rank,latin,comparative method,vactional education
libreal,cinema,italians,mainframe,basket ball,public health,lodge,young,recreative,guide,didastics,anchor,underworld,police,french languge,kindergarden
parenting,cookery,investor,microprocessor,board game,nursing,hearth,kiddy,diversion,solicit,botany,centre,world,smooth,ludwig wittgenstein,department of education
fully grown,cinetmatography,creditor,laptop,postseason,stress,back,cod,kitesufer,self,nomology,malling,sociology,political system,oral languge,secondary education
teen,dance,accoutant,vacuum tube,football,safety,home base,bairn,coomons,note,ScD,mall rate,socialize,public adminstration,grammer,training
age of maturity,statecraft,investment,machine code,spirited,hygiene,den,urchin,Go-cart,originally,magetics,food court,debut,city,gorgias,secondary school
sex,paintaing,liability,computer programmer,stake,research,mobile home,preschooler,pastime,trim,metallurgy,shopping trolley,solitary,communism,plato,knowledge
teenage,choreograph,business name,server,chess,social,longhouse,waif,tubing,datum,sciential,bag lady,postion,regime,rousseau,education department
creature,minstrelsy,limited company,computer programming,video game,healthy,yurt,bambino,relax,dagger,scientis,buggy,startify,monarchy,encoding,scholarship
brute,dramaturgy,corprate tax,memory,dice,illness,interior,offspring,resort,glance,CS,carriage,dropout,state,bralle,student
fauna,gastronomy,machine,integrated circuit,diversion,medical,building,child prodigy,ramble,locale,misslery,mart,role,expendient,meaning,skill
libreal,paint,tool,turing machine,mind game,diet,living room,stepchild,tourist,casebook,zoology,mall shooping,RHS,dukes,code,high school
beast,oratory,merchandise,charles babbage,parlor game,education,plate,foster child,workboat,anent,metrology,florist shop,sector,force,brocaâ€™s area,science
biology,critique,industry,abacus,strategy,environmental,rest home,fry,sled,regrad,BSC,strip,class,country,kannada language,lesson
Animate being,verfication,handicraft,electronics,score,physical fitness,city,kiddo,disport,apropos,BS,personal shopper,classless,clans,mnatural language,europe
senior,song,rate of return,astrolabe,table game,hospitals,villege,toy,seesaw,PDR,pedagogy,carriage,primitive,convention,english language,programs
male,cartography,privated held company,cpu,played,health care provider,bunglow,female offspring,camper,fiducial,orology,teleshopper,nstiution,ethics,arabic language,junior school
caregiver,oil paintaing,economicentity,information,settlers of catan,insurance,foster home,brat,rec room,relative,logic,cybershopper,jacobin,tritute,tamil language,classroom
individual,rhetoric,personal finase,pc,childs game,weigth loss,home like,tot,bathe,refrence source,systematics,carrier bag,solitude,inheritance,language family,preschool
golden ager,horology,high teach manufacturing,slide rule,game of chance,medicare,homemade,pull the leg of,lelsure,placentary,scienced,trunk,chapter,espionagy,human brain,homework
elderly,techno-,raw material,computation,treasure hunt,health science,inn,buster,shore leave,as regrade,robotics,trolley dash,asocial,observance,language acquistion,confucius
puberty,penmanship,wage labour,digital comunication,cricket,patient,homelessness,shaver,excursion,footnote,hygiene,shopping agent,FRS,jewish,semiosis,primary school
teenagers,didactics,broadcasting,floppy disk,frolic,pharmacy,homesickness,tike,tramper,pertain,pharmacology,mall walking,anarchy,property,swahili language,academic 
age of maturity,mime,finished good,transistor,biz,metabolic,farmhouse,nesting,wardroom,axis,seismology,frequent,fellowship,power,plato,course
human,coampanology,public finace,imac,volleyball,upbeat,duplex,guy,playland,loadstar,horticulture,Shopping-cart,pariah,confiscation,hebrew language,middle school
elder,pupperty,parent company,compiler,rematch,family,institution,dude,tourism,report,geography,shopping vilege,rootless,espionage,marathi language,profession
senior citizen,pendagogy,advertising,arithmetic,team,sleep,condo,sprog,solace,morgue,anatomy,tote,congress,loardship,displacement,breeding
adult male,drawing,marketing,predictor,sport,smoking,dining room,doll,day room,abstract,aviation,strip mall,propriety,jndividualist,historical linguistics,undergraduate
adult female,represent,broker,control flow,platoffs,water,bedrom,chaff,vacation,benchmark,entomology,shopaolic,Rs,tribes,productivity,homeschooling
old person,architecture,insurance,data converter,ball,alcohol,neighborhood,tease,snowbroder,scale,geophonics,blue law,rossicrusian,warfare,phonology,tution
social,embroidery,,mechanical computer,match,lifestyle,homeowner,jolly,disport,kinematics,sciential,shopping goods,underprivilleged,polis,dialect,teacher
